probe_ID,parent,derived,align_chr,align_start,bowtie,on_target,parent_gc,derived_gc,parent_len,derived_len,parent_AA,derived_AA,parent_AT,derived_AT,parent_AG,derived_AG,parent_AC,derived_AC,parent_TA,derived_TA,parent_TT,derived_TT,parent_TG,derived_TG,parent_TC,derived_TC,parent_GA,derived_GA,parent_GT,derived_GT,parent_GG,derived_GG,parent_GC,derived_GC,parent_CA,derived_CA,parent_CT,derived_CT,parent_CG,derived_CG,parent_CC,derived_CC,duplex_pred
0,NZ_CP020550.1:11-40|0,AAGGGTAGGCAGGATAAAACGGAAAGCCCG,CGGGCTTTCCGTTTTATCCTGCCTACCCTT,NZ_CP020550.1,11,60,1,53.333333333333336,53.333333333333336,30,30,4,0,1,1,4,0,1,1,2,2,0,4,0,1,0,2,2,0,1,1,4,1,2,2,1,0,0,4,2,2,1,4,100.0
1,NZ_CP020550.1:42-71|0,ATTTGCGGGCGCCCGTTTTATCTGTTTAGC,GCTAAACAGATAAAACGGGCGCCCGCAAAT,NZ_CP020550.1,42,60,1,50.0,50.0,30,30,0,4,2,2,1,1,0,2,2,2,4,0,2,0,1,0,0,1,2,0,1,1,4,4,0,2,1,1,3,3,1,1,100.0
2,NZ_CP020550.1:232-261|0,AACCTTGTATTGTGGTCGTCAGGGTGGCGG,CCGCCACCCTGACGACCACAATACAAGGTT,NZ_CP020550.1,232,60,1,56.666666666666664,56.666666666666664,30,30,1,2,1,1,1,1,1,5,1,1,2,1,4,1,2,0,0,2,5,1,4,1,1,1,1,4,1,1,2,2,1,4,98.75007
3,NZ_CP020550.1:369-398|0,GCTGGCAACAGCTTTTCGAGCTGAGAAACG,CGTTTCTCAGCTCGAAAAGCTGTTGCCAGC,NZ_CP020550.1,369,60,1,53.333333333333336,53.333333333333336,30,30,2,2,0,0,3,3,2,0,0,0,2,2,2,2,1,3,3,1,0,2,1,0,4,4,2,2,3,3,2,2,0,1,99.4234
4,NZ_CP020550.1:475-504|0,AGGCTTGCTGGCAGAGATTACTCAGCAACG,CGTTGCTGAGTAATCTCTGCCAGCAAGCCT,NZ_CP020550.1,475,60,1,53.333333333333336,53.333333333333336,30,30,1,2,1,1,4,3,2,0,1,1,2,1,2,3,1,2,2,1,0,2,2,0,4,4,3,2,3,4,1,1,0,2,100.0
5,NZ_CP020550.1:580-609|0,TGAGGTTGTCGAGTGTCGAACGATTGCAGG,CCTGCAATCGTTCGACACTCGACAACCTCA,NZ_CP020550.1,580,60,1,53.333333333333336,53.333333333333336,30,30,1,2,1,1,3,0,1,4,0,0,2,1,4,1,2,4,4,2,4,1,2,0,1,1,1,4,0,3,3,3,0,2,100.0
6,NZ_CP020550.1:610-639|0,ACGGTGGACTTTTACCAGGGCCTTCGATGC,GCATCGAAGGCCCTGGTAAAAGTCCACCGT,NZ_CP020550.1,610,60,1,56.666666666666664,56.666666666666664,30,30,0,3,1,1,1,2,3,1,1,1,3,0,2,1,1,2,2,1,1,3,3,2,2,2,1,2,2,1,2,2,2,3,100.0
7,NZ_CP020550.1:647-676|0,TACAACGCAGTTTGTGAACGCCCTGAAGCA,TGCTTCAGGGCGTTCACAAACTGCGTTGTA,NZ_CP020550.1,647,60,1,50.0,50.0,30,30,3,1,0,0,2,1,3,2,1,1,1,3,3,3,0,2,2,0,2,3,0,1,3,3,3,3,1,2,2,2,1,0,100.0
8,NZ_CP020550.1:795-824|0,AAAAGGGGCTGAAAGCCCCTTGAGAAAGCC,GGCTTTCTCAAGGGGCTTTCAGCCCCTTTT,NZ_CP020550.1,795,60,1,53.333333333333336,53.333333333333336,30,30,4,1,0,0,4,2,0,0,0,0,1,4,2,0,0,3,3,0,0,0,2,3,3,3,0,2,2,4,0,0,3,2,100.0
9,NZ_CP020550.1:1283-1312|0,AATAAGCTGTGTGCGCTCTGCAACTGGAGA,TCTCCAGTTGCAGAGCGCACACAGCTTATT,NZ_CP020550.1,1283,60,1,50.0,50.0,30,30,3,0,1,1,2,4,1,2,1,1,0,3,5,1,1,2,2,1,2,1,1,0,4,4,1,5,4,2,1,1,0,1,100.0
10,NZ_CP020550.1:1953-1982|0,AATGCAATAGCACACCAAAGCCCCAGAGGA,TCCTCTGGGGCTTTGGTGTGCTATTGCATT,NZ_CP020550.1,1953,60,1,50.0,50.0,30,30,3,0,2,2,4,0,2,0,1,1,0,3,1,5,0,2,2,0,0,2,1,3,3,3,5,1,0,4,0,0,3,1,97.91695
11,NZ_CP020550.1:2031-2060|0,TCTTGGGCTAGCTTCGGTCTTTGTCCTTGC,GCAAGGACAAAGACCGAAGCTAGCCCAAGA,NZ_CP020550.1,2031,60,1,53.333333333333336,53.333333333333336,30,30,0,4,0,0,1,5,0,2,1,1,4,0,3,0,4,0,0,4,2,0,2,1,3,3,0,3,5,1,1,1,1,2,100.0
12,NZ_CP020550.1:2164-2193|0,TCAAAGGTTCGCAATCGGTTACCGAGAGCG,CGCTCTCGGTAACCGATTGCGAACCTTTGA,NZ_CP020550.1,2164,60,1,53.333333333333336,53.333333333333336,30,30,2,2,1,1,3,0,1,2,1,1,2,2,0,2,3,2,2,3,2,1,2,1,2,2,2,0,0,3,4,4,1,2,100.0
13,NZ_CP020550.1:2307-2336|0,AAATCGTGTTGGTGGGGCATTAGACCGACC,GGTCGGTCTAATGCCCCACCAACACGATTT,NZ_CP020550.1,2307,60,1,53.333333333333336,53.333333333333336,30,30,1,2,2,2,1,0,2,3,1,1,2,1,3,1,1,2,2,1,3,2,3,2,1,1,1,3,0,1,2,2,2,3,100.0
14,NZ_CP020550.1:2598-2627|0,AGCGGTTGATGTGGCTGCATAATGAAGCCT,AGGCTTCATTATGCAGCCACATCAACCGCT,NZ_CP020550.1,2598,60,1,50.0,50.0,30,30,2,1,3,3,2,2,0,2,1,1,1,2,5,1,0,2,2,0,2,0,2,1,4,4,1,5,2,2,1,1,1,2,100.0
15,NZ_CP020550.1:3138-3167|0,AGCACCTGTTAAGGACGCAGTTTTGCAGGC,GCCTGCAAAACTGCGTCCTTAACAGGTGCT,NZ_CP020550.1,3138,60,1,53.333333333333336,53.333333333333336,30,30,1,3,0,0,4,1,2,2,1,1,3,1,2,3,0,1,1,0,2,2,2,1,4,4,3,2,1,4,1,1,1,2,100.0
16,NZ_CP020550.1:3168-3197|0,AGTTCCGTCTATCTTGCCAGTTGGTGCCGC,GCGGCACCAACTGGCAAGATAGACGGAACT,NZ_CP020550.1,3168,60,1,56.666666666666664,56.666666666666664,30,30,0,3,1,1,2,2,0,4,1,1,3,0,3,1,3,0,0,3,4,0,1,3,3,3,1,3,2,2,2,2,3,1,99.53352
17,NZ_CP020550.1:3633-3662|0,GGAGCGAGCCTTGCTGTTCGCTTTGCAGTA,TACTGCAAAGCGAACAGCAAGGCTCGCTCC,NZ_CP020550.1,3633,60,1,56.666666666666664,56.666666666666664,30,30,0,3,0,0,3,3,0,2,1,1,3,0,3,1,1,2,2,1,2,0,1,1,5,5,1,3,3,3,2,2,1,1,98.74772
18,NZ_CP020550.1:3807-3836|0,GTAAAAGCTGAAGCGCTGACTTTGGGTGGC,GCCACCCAAAGTCAGCGCTTCAGCTTTTAC,NZ_CP020550.1,3807,60,1,53.333333333333336,53.333333333333336,30,30,3,1,0,0,2,3,1,2,1,1,1,3,4,0,0,2,2,0,2,1,2,0,4,4,0,4,3,2,1,1,0,2,100.0
19,NZ_CP020550.1:3840-3869|0,TTGACTTATTTAGCAGGGGCAGGAGCCAGC,GCTGGCTCCTGCCCCTGCTAAATAAGTCAA,NZ_CP020550.1,3840,60,1,53.333333333333336,53.333333333333336,30,30,0,3,1,1,5,1,1,0,2,2,3,0,1,3,0,2,2,0,0,1,3,1,4,4,3,1,1,5,0,0,1,3,100.0
20,NZ_CP020550.1:3947-3976|0,TATAGCAGCCTTTGGAAATGCGGTGGCTGA,TCAGCCACCGCATTTCCAAAGGCTGCTATA,NZ_CP020550.1,3947,60,1,50.0,50.0,30,30,1,1,2,2,2,2,0,1,2,2,1,1,4,1,0,2,2,0,1,0,3,1,4,4,1,4,2,2,1,1,1,3,100.0
21,NZ_CP020550.1:4617-4646|0,ACGGTTATTGCGTCATTTGAGCCGACGACG,CGTCGTCGGCTCAAATGACGCAATAACCGT,NZ_CP020550.1,4617,60,1,53.333333333333336,53.333333333333336,30,30,0,3,2,2,1,0,3,2,1,1,3,0,2,1,1,3,3,1,2,3,1,1,2,2,1,2,0,1,5,5,1,1,99.40027
22,NZ_CP020550.1:4762-4791|0,TCACTTCAGGAGGTGAGCATGTCACCGAGT,ACTCGGTGACATGCTCACCTCCTGAAGTGA,NZ_CP020550.1,4762,60,1,53.333333333333336,53.333333333333336,30,30,0,1,1,1,4,1,2,3,0,0,1,0,2,4,3,3,3,3,3,2,2,1,1,1,4,2,1,4,1,1,1,2,100.0
23,NZ_CP020550.1:4792-4821|0,TTGCGACAGCTTTGGCAACGGATAAGCCTG,CAGGCTTATCCGTTGCCAAAGCTGTCGCAA,NZ_CP020550.1,4792,60,1,53.333333333333336,53.333333333333336,30,30,2,2,1,1,2,2,2,0,1,1,2,2,3,2,0,2,2,0,0,2,2,1,4,4,2,3,2,2,2,2,1,2,98.453575
24,NZ_CP020550.1:4980-5009|0,AGTCAAGCAGCTGCTATAGGGGCAACGTTG,CAACGTTGCCCCTATAGCAGCTGCTTGACT,NZ_CP020550.1,4980,60,1,53.333333333333336,53.333333333333336,30,30,2,1,1,1,4,2,1,2,2,2,1,2,2,3,1,0,0,1,2,1,2,0,4,4,3,2,2,4,1,1,0,2,100.0
25,NZ_CP020550.1:5035-5064|0,ATGCTCTTACAGGGGCGCAGACAGATGAAC,GTTCATCTGTCTGCGCCCCTGTAAGAGCAT,NZ_CP020550.1,5035,60,1,53.333333333333336,53.333333333333336,30,30,1,1,2,2,3,2,3,0,1,1,1,1,2,3,1,3,3,1,0,3,2,0,3,3,3,2,2,3,1,1,0,2,98.244835
26,NZ_CP020550.1:5065-5094|0,TTGCAAGGGTTAGAGCAGGAACAGCGACAG,CTGTCGCTGTTCCTGCTCTAACCCTTGCAA,NZ_CP020550.1,5065,60,1,53.333333333333336,53.333333333333336,30,30,2,2,0,0,6,0,2,1,1,1,2,2,1,4,0,3,3,0,1,2,2,0,3,3,4,1,0,6,1,1,0,2,98.92874
27,NZ_CP020550.1:5095-5124|0,GATCATTAACAGGGGCGCAGACGGCAACAG,CTGTTGCCGTCTGCGCCCCTGTTAATGATC,NZ_CP020550.1,5095,60,1,56.666666666666664,56.666666666666664,30,30,2,1,2,2,3,0,3,0,1,1,1,2,0,5,1,2,2,1,0,3,3,0,3,3,5,0,0,3,2,2,0,3,100.0
28,NZ_CP020550.1:5125-5154|0,GAACGCTTGTAGGAGCAGGAACAGGCTGGC,GCCAGCCTGTTCCTGCTCCTACAAGCGTTC,NZ_CP020550.1,5125,60,1,60.0,60.0,30,30,2,1,0,0,4,2,2,1,1,1,1,2,2,2,0,3,3,0,1,2,4,0,4,4,2,2,2,4,1,1,0,4,98.39042
29,NZ_CP020550.1:5545-5574|0,ACGGAGCAACAGCAACAAAATTGGCTTCGC,GCGAAGCCAATTTTGTTGCTGTTGCTCCGT,NZ_CP020550.1,5545,60,1,50.0,50.0,30,30,4,2,1,1,2,1,3,0,0,0,2,4,1,4,1,1,1,1,0,3,2,0,4,4,4,1,1,2,2,2,0,2,100.0
