NZ_CP072337.1	1395	1424	ATTCTCTTTCCGCCTGGTTCCACTTCGAGC	42.130	100.000	0.000	0	0.448	0	+
NZ_CP072337.1	1461	1490	AGGCAGCGTCTTTAAGCTTCTCTGCTGCAT	42.170	100.000	0.000	0	0.169	0	+
NZ_CP072337.1	1491	1520	CTGCATCGCCCTGCATAACGAAAGACAGCA	42.840	99.721	0.000	0	0.276	0	+
NZ_CP072337.1	1522	1551	GCGCCTGTCCTCCGCATCAAAGTGTCCGTT	45.810	100.000	0.000	0	0.394	0	+
NZ_CP072337.1	1554	1583	TGTGCCTTACATAGCTGCGGATTGCGTTGA	42.300	99.675	0.000	0	0.304	0	+
NZ_CP072337.1	1637	1666	TTCTGTGCATCTGCTGCCTGCTCTTTAGCT	42.010	100.000	0.000	0	0.325	0	+
NZ_CP072337.1	1735	1764	TTCTATCTTCTGCGTGGCATTCCCCAGCTG	42.070	100.000	0.000	0	0.383	2	+
NZ_CP072337.1	1939	1968	TTCCTCCTGCCGTTCCTTTATCCGTTTGCG	42.470	100.000	0.000	0	0.605	0	+
NZ_CP072337.1	2014	2043	CGTGTTTGCTTCATAGACTGCTTGCCAGCG	42.010	100.000	0.000	0	0.323	0	+
NZ_CP072337.1	2049	2078	AGACCTTTGCTTCCAGCTCTTTCACACGCT	42.080	99.791	0.000	0	0.325	0	+
NZ_CP072337.1	2093	2122	ATTCTCTGTTCCATTGCGCTGCGGTGTCTT	42.490	100.000	0.000	0	0.529	0	+
NZ_CP072337.1	2134	2163	TGAAGCTTTGTTTCCTCGCTCCATTCCGGT	42.140	100.000	0.000	0	0.341	0	+
NZ_CP072337.1	2191	2220	TGACAGCTTCTTTCTGTCTGCCCGGATTGC	42.490	100.000	0.000	0	0.304	0	+
NZ_CP072337.1	2303	2332	TTTGATTTTGCGTGTCCCTCGTCCTCGTGC	42.870	99.520	0.000	0	0.565	0	+
NZ_CP072337.1	2408	2437	ATCCCCTCCTTGAGGTGTAGGCAAGCTTCA	42.520	99.436	0.000	0	0.238	0	+
NZ_CP072337.1	2593	2622	ACTTGGCACTTTCTCGGTGCTGTTGTCACG	42.820	100.000	0.000	0	0.350	0	+
NZ_CP072337.1	2629	2658	ATGAGCAAGGCAGTTTGCCTTTGCGGTTTG	42.560	100.000	0.000	0	0.033	0	+
NZ_CP072337.1	2730	2759	GGGGAGGTCAAGGAGGGGTTTACCCCTCCT	45.330	92.327	0.000	0	0.010	0	+
NZ_CP072337.1	2858	2887	AAAACCGAAACCGCCAAACGAATGGGTGTC	42.070	99.265	0.000	0	0.219	0	+
NZ_CP072337.1	2893	2922	TGGATGTGTTTTGCTAATGAGTGCGGGCGA	42.500	100.000	0.000	0	0.498	0	+
NZ_CP072337.1	2967	2996	ACCATGAAACGGAGTGGTTAGATGTGCGCC	42.500	100.000	0.000	0	0.163	0	+
NZ_CP072337.1	2997	3026	CTGTGGTGTGGAGGAACGGAACACCCTGCG	45.630	99.479	0.000	0	0.268	0	+
NZ_CP072337.1	3027	3056	CACGAGTGGAGAGAGCGAAGCGGAAACGGA	44.730	98.905	0.000	0	0.180	0	+
NZ_CP072337.1	3425	3454	ATTCGTCACGGAGGATTTTCCGAAGCGTGT	42.020	100.000	0.000	0	0.147	0	+
NZ_CP072337.1	3460	3489	ACGTGCTGCGTGGTCATATTTCCTGCTGTT	42.470	100.000	0.000	0	0.382	0	+
NZ_CP072337.1	3638	3667	ATTGGTCTGTTCCTTGTGTGGCAGCTGTGG	42.730	100.000	0.000	0	0.529	0	+
NZ_CP072337.1	3688	3717	GTGTCGGCTTTTGGTTTTCTGCCGTTGTCC	42.360	100.000	0.000	0	0.488	0	+
NZ_CP072337.1	3852	3881	TCGGAACGCTTCTATCGGGTACTCGTAGCG	42.430	100.000	0.000	0	0.123	0	+
NZ_CP072337.1	4764	4793	CCTCGCGCATTATGCGCGCGCGTGATACAA	46.470	96.812	0.000	0	0.009	0	+
