NZ_CP072337.1	665	701	GGATGTTCCAATGAAGCTTTCTGGAACATTGACACCA	42.120	100.000	0.000	0	0.081	0	+
NZ_CP072337.1	772	808	TAGCAGAAGGAACAAGAGCCATAGTCCCTATTGAGGA	42.320	100.000	0.000	0	0.161	0	+
NZ_CP072337.1	809	843	TCCTCGTCCTAAACCTGGTGAAATAGGTCCGTTTT	42.030	100.000	0.000	0	0.240	0	+
NZ_CP072337.1	903	939	ATACCGAATACTTTTGGAGTTCCAACAGGCGTGTACT	42.160	100.000	0.000	0	0.110	0	+
NZ_CP072337.1	991	1026	ATATTGCAAGAGTAGCATTTCCTAGGCCTTCAGGGT	42.060	100.000	0.000	0	0.177	0	+
NZ_CP072337.1	1114	1150	ATACCTTTGTGCTGAATTTCAATGCTGCAGGAATGCG	42.900	100.000	0.000	0	0.127	0	+
NZ_CP072337.1	1271	1307	AATTTAGTGTTCGTTTATCACATCGGGGTTGAGGGGT	42.420	100.000	0.000	0	0.293	0	+
NZ_CP072337.1	1323	1358	AGGGCTATCTTTTAAGACCCCTACTTTGTCGCTGTC	42.160	100.000	0.000	0	0.221	0	+
NZ_CP072337.1	1371	1407	TTACTCCGTTGGCAATGTTTCTCAATTCTCTTTCCGC	42.150	100.000	0.000	0	0.227	0	+
NZ_CP072337.1	1450	1486	ACATCCATAATAGGCAGCGTCTTTAAGCTTCTCTGCT	42.150	100.000	0.000	0	0.162	0	+
NZ_CP072337.1	1487	1517	GCATCTGCATCGCCCTGCATAACGAAAGACA	42.770	100.000	0.000	0	0.246	0	+
NZ_CP072337.1	1518	1547	GCAGGCGCCTGTCCTCCGCATCAAAGTGTC	46.210	100.000	0.000	0	0.235	0	+
NZ_CP072337.1	1548	1579	CGTTGATGTGCCTTACATAGCTGCGGATTGCG	43.090	99.794	0.000	0	0.252	0	+
NZ_CP072337.1	1621	1657	TATATCTGCTCTGTATTTCTGTGCATCTGCTGCCTGC	42.610	97.948	0.000	0	0.339	0	+
NZ_CP072337.1	1696	1732	TTCCCCATAAGCTTTTGAAAATCCCTCTTGGTAGGCT	42.440	100.000	0.000	0	0.153	0	+
NZ_CP072337.1	1733	1764	TTTTCTATCTTCTGCGTGGCATTCCCCAGCTG	42.240	100.000	0.000	0	0.372	2	+
NZ_CP072337.1	1875	1911	CGCCCTCATAAACGTTTATAATAGCTTCCTTGGCTGC	42.140	100.000	0.000	0	0.210	0	+
NZ_CP072337.1	1926	1962	AGACTTTCAAATCTTCCTCCTGCCGTTCCTTTATCCG	42.530	99.988	0.000	0	0.326	0	+
NZ_CP072337.1	1963	1996	TTTGCGTTCTTCCTCCTCTTCCTGGTTCTGTTGT	42.710	100.000	0.000	0	0.690	0	+
NZ_CP072337.1	2001	2037	TCTGTTTGAGCATCGTGTTTGCTTCATAGACTGCTTG	42.080	100.000	0.000	0	0.176	0	+
NZ_CP072337.1	2038	2067	CCAGCGCATTGAGACCTTTGCTTCCAGCTC	43.240	100.000	0.000	0	0.232	0	+
NZ_CP072337.1	2068	2104	TTTCACACGCTGCTCTTGGCTGTATATTCTCTGTTCC	42.740	100.000	0.000	0	0.334	0	+
NZ_CP072337.1	2105	2134	ATTGCGCTGCGGTGTCTTCTTCCAGTTTCT	42.440	100.000	0.000	0	0.529	0	+
NZ_CP072337.1	2135	2165	GAAGCTTTGTTTCCTCGCTCCATTCCGGTGG	42.920	100.000	0.000	0	0.297	0	+
NZ_CP072337.1	2177	2213	ATATCCTGCATCTTTGACAGCTTCTTTCTGTCTGCCC	42.760	100.000	0.000	0	0.227	0	+
NZ_CP072337.1	2224	2260	TCCAGTGTTCAGATCTTGACAGCTGAACAATACGTGT	42.200	98.415	0.000	0	0.122	0	+
NZ_CP072337.1	2261	2296	GCGTGATGATTGATTTCAAAGCCTTCTTCTCCCTCG	42.280	100.000	0.000	0	0.191	0	+
NZ_CP072337.1	2297	2330	ATGTACTTTGATTTTGCGTGTCCCTCGTCCTCGT	42.820	98.066	0.000	0	0.508	0	+
NZ_CP072337.1	2362	2398	TTCTTGCTCGACCTTAGTCTTGAAATCGAGAAGCTGT	42.050	99.980	0.000	0	0.216	0	+
NZ_CP072337.1	2399	2430	GCATCTGTTATCCCCTCCTTGAGGTGTAGGCA	42.490	100.000	0.000	0	0.269	0	+
NZ_CP072337.1	2456	2491	TTTTGACACTTCTGCCCTGTCTTTTCGGTGTAGAGT	42.450	100.000	0.000	0	0.363	0	+
NZ_CP072337.1	2493	2529	TTTCTGCAGCGTGAATAAGTGGAACGATCGATTTTCG	42.180	99.471	0.000	0	0.171	0	+
NZ_CP072337.1	2581	2617	TTGGTTTACATAACTTGGCACTTTCTCGGTGCTGTTG	42.260	100.000	0.000	0	0.233	0	+
NZ_CP072337.1	2618	2648	TCACGTCGATTATGAGCAAGGCAGTTTGCCT	42.020	100.000	0.000	0	0.089	0	+
NZ_CP072337.1	2730	2759	GGGGAGGTCAAGGAGGGGTTTACCCCTCCT	45.330	92.327	0.000	0	0.010	0	+
NZ_CP072337.1	2783	2819	TTTGCGTACAAAATCATATAAAGGTGCTCGTGTGCGT	42.100	100.000	0.000	0	0.185	0	+
NZ_CP072337.1	2858	2887	AAAACCGAAACCGCCAAACGAATGGGTGTC	42.070	99.265	0.000	0	0.219	0	+
NZ_CP072337.1	2890	2922	TTTTGGATGTGTTTTGCTAATGAGTGCGGGCGA	42.700	100.000	0.000	0	0.473	0	+
NZ_CP072337.1	2952	2982	CCCCATAGCGATAGCACCATGAAACGGAGTG	42.140	100.000	0.000	0	0.070	0	+
NZ_CP072337.1	2983	3012	GTTAGATGTGCGCCCTGTGGTGTGGAGGAA	43.610	100.000	0.000	0	0.433	0	+
NZ_CP072337.1	3013	3042	CGGAACACCCTGCGCACGAGTGGAGAGAGC	46.930	97.892	0.000	0	0.250	0	+
NZ_CP072337.1	3043	3079	GAAGCGGAAACGGAACGACCCCATATTATACCAATGA	42.570	98.997	0.000	0	0.093	0	+
NZ_CP072337.1	3260	3296	AAAAGGAGGGGTAATTTTACCCCTCCTTTCTTTCGCT	42.380	100.000	0.000	0	0.001	0	+
NZ_CP072337.1	3349	3385	AATACCGCCAATGTTTGCAATTGCAATGACGAAAAGC	42.550	100.000	0.000	0	0.167	0	+
NZ_CP072337.1	3420	3456	ATTAAATTCGTCACGGAGGATTTTCCGAAGCGTGTTC	42.100	100.000	0.000	0	0.095	0	+
NZ_CP072337.1	3457	3488	TTTACGTGCTGCGTGGTCATATTTCCTGCTGT	42.080	100.000	0.000	0	0.330	0	+
NZ_CP072337.1	3578	3614	TATCTGTCGGATGGTCAAAGGCTATATCTACCCACCG	42.610	100.000	0.000	0	0.263	0	+
NZ_CP072337.1	3624	3660	TTCATTACGTCTGAATTGGTCTGTTCCTTGTGTGGCA	42.720	100.000	0.000	0	0.313	0	+
NZ_CP072337.1	3678	3713	AAATACGATAGTGTCGGCTTTTGGTTTTCTGCCGTT	42.070	100.000	0.000	0	0.163	0	+
NZ_CP072337.1	3755	3791	CGTCTGAATTGCTTTCCTTGATACGCTTCATAGCTGG	42.040	100.000	0.000	0	0.259	0	+
NZ_CP072337.1	3840	3876	ATTAAAGTCCTTTCGGAACGCTTCTATCGGGTACTCG	42.100	100.000	0.000	0	0.093	0	+
NZ_CP072337.1	3908	3944	TTTTGTAGATGCGCTTTGTCATATTTCCACGCAAGGT	42.190	100.000	0.000	0	0.214	0	+
NZ_CP072337.1	3975	4006	CCCCGACCCCTCTCCATAGTAGAGTAGGAACG	42.870	99.729	0.000	0	0.307	0	+
NZ_CP072337.1	4187	4223	CCCCTGCTTCATCGCATTTTATGATGACATAAGGCTC	42.100	100.000	0.000	0	0.183	0	+
NZ_CP072337.1	4243	4279	AACGGCTTTTCCTTTGTCATATGCTTCTGTAGGGACT	42.410	100.000	0.000	0	0.209	0	+
NZ_CP072337.1	4301	4337	TCTCCTGCCTTTCGGATATATCGTACTGACCAAAGGT	42.560	100.000	0.000	0	0.237	0	+
NZ_CP072337.1	4469	4505	ATCAATGTTACGTGTTGCCAACTCCTCCAAATCTTGC	42.370	100.000	0.000	0	0.215	0	+
NZ_CP072337.1	4515	4550	ACGTTCTTGCTGATATGCGCAAGAAGTGTTTGAACT	42.160	100.000	0.000	0	0.141	0	+
NZ_CP072337.1	4764	4793	CCTCGCGCATTATGCGCGCGCGTGATACAA	46.470	96.812	0.000	0	0.009	0	+
