probe_ID,parent,derived,align_chr,align_start,bowtie,on_target
0,NZ_CP072337.1:665-701|0,GGATGTTCCAATGAAGCTTTCTGGAACATTGACACCA,GGATGTTCCAATGAAGCTTTCTGGAACATTGACACCA,NZ_CP072337.1,665,74,1
1,NZ_CP072337.1:772-808|0,TAGCAGAAGGAACAAGAGCCATAGTCCCTATTGAGGA,TAGCAGAAGGAACAAGAGCCATAGTCCCTATTGAGGA,NZ_CP072337.1,772,74,1
2,NZ_CP072337.1:809-843|0,TCCTCGTCCTAAACCTGGTGAAATAGGTCCGTTTT,TCCTCGTCCTAAACCTGGTGAAATAGGTCCGTTTT,NZ_CP072337.1,809,70,1
3,NZ_CP072337.1:903-939|0,ATACCGAATACTTTTGGAGTTCCAACAGGCGTGTACT,ATACCGAATACTTTTGGAGTTCCAACAGGCGTGTACT,NZ_CP072337.1,903,74,1
4,NZ_CP072337.1:991-1026|0,ATATTGCAAGAGTAGCATTTCCTAGGCCTTCAGGGT,ATATTGCAAGAGTAGCATTTCCTAGGCCTTCAGGGT,NZ_CP072337.1,991,72,1
5,NZ_CP072337.1:1114-1150|0,ATACCTTTGTGCTGAATTTCAATGCTGCAGGAATGCG,ATACCTTTGTGCTGAATTTCAATGCTGCAGGAATGCG,NZ_CP072337.1,1114,74,1
6,NZ_CP072337.1:1271-1307|0,AATTTAGTGTTCGTTTATCACATCGGGGTTGAGGGGT,AATTTAGTGTTCGTTTATCACATCGGGGTTGAGGGGT,NZ_CP072337.1,1271,74,1
7,NZ_CP072337.1:1323-1358|0,AGGGCTATCTTTTAAGACCCCTACTTTGTCGCTGTC,AGGGCTATCTTTTAAGACCCCTACTTTGTCGCTGTC,NZ_CP072337.1,1323,72,1
8,NZ_CP072337.1:1371-1407|0,TTACTCCGTTGGCAATGTTTCTCAATTCTCTTTCCGC,TTACTCCGTTGGCAATGTTTCTCAATTCTCTTTCCGC,NZ_CP072337.1,1371,74,1
9,NZ_CP072337.1:1450-1486|0,ACATCCATAATAGGCAGCGTCTTTAAGCTTCTCTGCT,ACATCCATAATAGGCAGCGTCTTTAAGCTTCTCTGCT,NZ_CP072337.1,1450,74,1
10,NZ_CP072337.1:1487-1517|0,GCATCTGCATCGCCCTGCATAACGAAAGACA,GCATCTGCATCGCCCTGCATAACGAAAGACA,NZ_CP072337.1,1487,62,1
11,NZ_CP072337.1:1518-1547|0,GCAGGCGCCTGTCCTCCGCATCAAAGTGTC,GCAGGCGCCTGTCCTCCGCATCAAAGTGTC,NZ_CP072337.1,1518,60,1
12,NZ_CP072337.1:1548-1579|0,CGTTGATGTGCCTTACATAGCTGCGGATTGCG,CGTTGATGTGCCTTACATAGCTGCGGATTGCG,NZ_CP072337.1,1548,64,1
13,NZ_CP072337.1:1621-1657|0,TATATCTGCTCTGTATTTCTGTGCATCTGCTGCCTGC,TATATCTGCTCTGTATTTCTGTGCATCTGCTGCCTGC,NZ_CP072337.1,1621,74,1
14,NZ_CP072337.1:1696-1732|0,TTCCCCATAAGCTTTTGAAAATCCCTCTTGGTAGGCT,TTCCCCATAAGCTTTTGAAAATCCCTCTTGGTAGGCT,NZ_CP072337.1,1696,74,1
15,NZ_CP072337.1:1733-1764|0,TTTTCTATCTTCTGCGTGGCATTCCCCAGCTG,TTTTCTATCTTCTGCGTGGCATTCCCCAGCTG,NZ_CP072337.1,1733,64,1
16,NZ_CP072337.1:2581-2617|0,TTGGTTTACATAACTTGGCACTTTCTCGGTGCTGTTG,TTGGTTTACATAACTTGGCACTTTCTCGGTGCTGTTG,NZ_CP072337.1,2581,74,1
17,NZ_CP072337.1:2618-2648|0,TCACGTCGATTATGAGCAAGGCAGTTTGCCT,TCACGTCGATTATGAGCAAGGCAGTTTGCCT,NZ_CP072337.1,2618,62,1
18,NZ_CP072337.1:2730-2759|0,GGGGAGGTCAAGGAGGGGTTTACCCCTCCT,GGGGAGGTCAAGGAGGGGTTTACCCCTCCT,NZ_CP072337.1,2730,60,1
19,NZ_CP072337.1:2783-2819|0,TTTGCGTACAAAATCATATAAAGGTGCTCGTGTGCGT,TTTGCGTACAAAATCATATAAAGGTGCTCGTGTGCGT,NZ_CP072337.1,2783,74,1
20,NZ_CP072337.1:2858-2887|0,AAAACCGAAACCGCCAAACGAATGGGTGTC,AAAACCGAAACCGCCAAACGAATGGGTGTC,NZ_CP072337.1,2858,60,1
21,NZ_CP072337.1:2890-2922|0,TTTTGGATGTGTTTTGCTAATGAGTGCGGGCGA,TTTTGGATGTGTTTTGCTAATGAGTGCGGGCGA,NZ_CP072337.1,2890,66,1
22,NZ_CP072337.1:2952-2982|0,CCCCATAGCGATAGCACCATGAAACGGAGTG,CCCCATAGCGATAGCACCATGAAACGGAGTG,NZ_CP072337.1,2952,62,1
23,NZ_CP072337.1:2983-3012|0,GTTAGATGTGCGCCCTGTGGTGTGGAGGAA,GTTAGATGTGCGCCCTGTGGTGTGGAGGAA,NZ_CP072337.1,2983,60,1
24,NZ_CP072337.1:3013-3042|0,CGGAACACCCTGCGCACGAGTGGAGAGAGC,CGGAACACCCTGCGCACGAGTGGAGAGAGC,NZ_CP072337.1,3013,60,1
25,NZ_CP072337.1:3043-3079|0,GAAGCGGAAACGGAACGACCCCATATTATACCAATGA,GAAGCGGAAACGGAACGACCCCATATTATACCAATGA,NZ_CP072337.1,3043,74,1
26,NZ_CP072337.1:3260-3296|0,AAAAGGAGGGGTAATTTTACCCCTCCTTTCTTTCGCT,AAAAGGAGGGGTAATTTTACCCCTCCTTTCTTTCGCT,NZ_CP072337.1,3260,74,1
27,NZ_CP072337.1:3349-3385|0,AATACCGCCAATGTTTGCAATTGCAATGACGAAAAGC,AATACCGCCAATGTTTGCAATTGCAATGACGAAAAGC,NZ_CP072337.1,3349,74,1
28,NZ_CP072337.1:3420-3456|0,ATTAAATTCGTCACGGAGGATTTTCCGAAGCGTGTTC,ATTAAATTCGTCACGGAGGATTTTCCGAAGCGTGTTC,NZ_CP072337.1,3420,74,1
29,NZ_CP072337.1:3457-3488|0,TTTACGTGCTGCGTGGTCATATTTCCTGCTGT,TTTACGTGCTGCGTGGTCATATTTCCTGCTGT,NZ_CP072337.1,3457,64,1
30,NZ_CP072337.1:3578-3614|0,TATCTGTCGGATGGTCAAAGGCTATATCTACCCACCG,TATCTGTCGGATGGTCAAAGGCTATATCTACCCACCG,NZ_CP072337.1,3578,74,1
31,NZ_CP072337.1:3624-3660|0,TTCATTACGTCTGAATTGGTCTGTTCCTTGTGTGGCA,TTCATTACGTCTGAATTGGTCTGTTCCTTGTGTGGCA,NZ_CP072337.1,3624,74,1
32,NZ_CP072337.1:3678-3713|0,AAATACGATAGTGTCGGCTTTTGGTTTTCTGCCGTT,AAATACGATAGTGTCGGCTTTTGGTTTTCTGCCGTT,NZ_CP072337.1,3678,72,1
33,NZ_CP072337.1:3755-3791|0,CGTCTGAATTGCTTTCCTTGATACGCTTCATAGCTGG,CGTCTGAATTGCTTTCCTTGATACGCTTCATAGCTGG,NZ_CP072337.1,3755,74,1
34,NZ_CP072337.1:3840-3876|0,ATTAAAGTCCTTTCGGAACGCTTCTATCGGGTACTCG,ATTAAAGTCCTTTCGGAACGCTTCTATCGGGTACTCG,NZ_CP072337.1,3840,74,1
35,NZ_CP072337.1:3908-3944|0,TTTTGTAGATGCGCTTTGTCATATTTCCACGCAAGGT,TTTTGTAGATGCGCTTTGTCATATTTCCACGCAAGGT,NZ_CP072337.1,3908,74,1
36,NZ_CP072337.1:3975-4006|0,CCCCGACCCCTCTCCATAGTAGAGTAGGAACG,CCCCGACCCCTCTCCATAGTAGAGTAGGAACG,NZ_CP072337.1,3975,64,1
37,NZ_CP072337.1:4187-4223|0,CCCCTGCTTCATCGCATTTTATGATGACATAAGGCTC,CCCCTGCTTCATCGCATTTTATGATGACATAAGGCTC,NZ_CP072337.1,4187,74,1
38,NZ_CP072337.1:4243-4279|0,AACGGCTTTTCCTTTGTCATATGCTTCTGTAGGGACT,AACGGCTTTTCCTTTGTCATATGCTTCTGTAGGGACT,NZ_CP072337.1,4243,74,1
39,NZ_CP072337.1:4301-4337|0,TCTCCTGCCTTTCGGATATATCGTACTGACCAAAGGT,TCTCCTGCCTTTCGGATATATCGTACTGACCAAAGGT,NZ_CP072337.1,4301,74,1
40,NZ_CP072337.1:4469-4505|0,ATCAATGTTACGTGTTGCCAACTCCTCCAAATCTTGC,ATCAATGTTACGTGTTGCCAACTCCTCCAAATCTTGC,NZ_CP072337.1,4469,74,1
41,NZ_CP072337.1:4515-4550|0,ACGTTCTTGCTGATATGCGCAAGAAGTGTTTGAACT,ACGTTCTTGCTGATATGCGCAAGAAGTGTTTGAACT,NZ_CP072337.1,4515,72,1
42,NZ_CP072337.1:4764-4793|0,CCTCGCGCATTATGCGCGCGCGTGATACAA,CCTCGCGCATTATGCGCGCGCGTGATACAA,NZ_CP072337.1,4764,60,1
43,NZ_CP072337.1:1875-1911|0,CGCCCTCATAAACGTTTATAATAGCTTCCTTGGCTGC,CGCCCTCATAAACGTTTATAATAGCTTCCTTGGCTGC,NZ_CP072337.1,1875,74,1
44,NZ_CP072337.1:1926-1962|0,AGACTTTCAAATCTTCCTCCTGCCGTTCCTTTATCCG,AGACTTTCAAATCTTCCTCCTGCCGTTCCTTTATCCG,NZ_CP072337.1,1926,74,1
45,NZ_CP072337.1:1963-1996|0,TTTGCGTTCTTCCTCCTCTTCCTGGTTCTGTTGT,TTTGCGTTCTTCCTCCTCTTCCTGGTTCTGTTGT,NZ_CP072337.1,1963,68,1
46,NZ_CP072337.1:2001-2037|0,TCTGTTTGAGCATCGTGTTTGCTTCATAGACTGCTTG,TCTGTTTGAGCATCGTGTTTGCTTCATAGACTGCTTG,NZ_CP072337.1,2001,74,1
47,NZ_CP072337.1:2038-2067|0,CCAGCGCATTGAGACCTTTGCTTCCAGCTC,CCAGCGCATTGAGACCTTTGCTTCCAGCTC,NZ_CP072337.1,2038,60,1
48,NZ_CP072337.1:2068-2104|0,TTTCACACGCTGCTCTTGGCTGTATATTCTCTGTTCC,TTTCACACGCTGCTCTTGGCTGTATATTCTCTGTTCC,NZ_CP072337.1,2068,74,1
49,NZ_CP072337.1:2105-2134|0,ATTGCGCTGCGGTGTCTTCTTCCAGTTTCT,ATTGCGCTGCGGTGTCTTCTTCCAGTTTCT,NZ_CP072337.1,2105,60,1
50,NZ_CP072337.1:2135-2165|0,GAAGCTTTGTTTCCTCGCTCCATTCCGGTGG,GAAGCTTTGTTTCCTCGCTCCATTCCGGTGG,NZ_CP072337.1,2135,62,1
51,NZ_CP072337.1:2177-2213|0,ATATCCTGCATCTTTGACAGCTTCTTTCTGTCTGCCC,ATATCCTGCATCTTTGACAGCTTCTTTCTGTCTGCCC,NZ_CP072337.1,2177,74,1
52,NZ_CP072337.1:2224-2260|0,TCCAGTGTTCAGATCTTGACAGCTGAACAATACGTGT,TCCAGTGTTCAGATCTTGACAGCTGAACAATACGTGT,NZ_CP072337.1,2224,74,1
53,NZ_CP072337.1:2261-2296|0,GCGTGATGATTGATTTCAAAGCCTTCTTCTCCCTCG,GCGTGATGATTGATTTCAAAGCCTTCTTCTCCCTCG,NZ_CP072337.1,2261,72,1
54,NZ_CP072337.1:2297-2330|0,ATGTACTTTGATTTTGCGTGTCCCTCGTCCTCGT,ATGTACTTTGATTTTGCGTGTCCCTCGTCCTCGT,NZ_CP072337.1,2297,68,1
55,NZ_CP072337.1:2362-2398|0,TTCTTGCTCGACCTTAGTCTTGAAATCGAGAAGCTGT,TTCTTGCTCGACCTTAGTCTTGAAATCGAGAAGCTGT,NZ_CP072337.1,2362,74,1
56,NZ_CP072337.1:2399-2430|0,GCATCTGTTATCCCCTCCTTGAGGTGTAGGCA,GCATCTGTTATCCCCTCCTTGAGGTGTAGGCA,NZ_CP072337.1,2399,64,1
57,NZ_CP072337.1:2456-2491|0,TTTTGACACTTCTGCCCTGTCTTTTCGGTGTAGAGT,TTTTGACACTTCTGCCCTGTCTTTTCGGTGTAGAGT,NZ_CP072337.1,2456,72,1
58,NZ_CP072337.1:2493-2529|0,TTTCTGCAGCGTGAATAAGTGGAACGATCGATTTTCG,TTTCTGCAGCGTGAATAAGTGGAACGATCGATTTTCG,NZ_CP072337.1,2493,74,1
