NZ_CP020550.1	11	40	AAGGGTAGGCAGGATAAAACGGAAAGCCCG	42.100	100.000	0.000	0	0.341	0	+
NZ_CP020550.1	42	71	ATTTGCGGGCGCCCGTTTTATCTGTTTAGC	42.030	100.000	0.000	0	0.421	0	+
NZ_CP020550.1	232	261	AACCTTGTATTGTGGTCGTCAGGGTGGCGG	43.770	98.750	0.000	0	0.332	0	+
NZ_CP020550.1	369	398	GCTGGCAACAGCTTTTCGAGCTGAGAAACG	42.150	99.423	0.000	0	0.054	0	+
NZ_CP020550.1	475	504	AGGCTTGCTGGCAGAGATTACTCAGCAACG	42.320	100.000	0.000	0	0.178	0	+
NZ_CP020550.1	580	609	TGAGGTTGTCGAGTGTCGAACGATTGCAGG	42.070	100.000	0.000	0	0.244	0	+
NZ_CP020550.1	610	639	ACGGTGGACTTTTACCAGGGCCTTCGATGC	43.830	100.000	0.000	0	0.341	0	+
NZ_CP020550.1	647	676	TACAACGCAGTTTGTGAACGCCCTGAAGCA	42.680	100.000	0.000	0	0.088	0	+
NZ_CP020550.1	795	824	AAAAGGGGCTGAAAGCCCCTTGAGAAAGCC	42.930	100.000	0.000	0	0.001	0	+
NZ_CP020550.1	1283	1312	AATAAGCTGTGTGCGCTCTGCAACTGGAGA	42.090	100.000	0.000	0	0.204	0	+
NZ_CP020550.1	1953	1982	AATGCAATAGCACACCAAAGCCCCAGAGGA	42.190	97.917	0.000	0	0.139	0	+
NZ_CP020550.1	2031	2060	TCTTGGGCTAGCTTCGGTCTTTGTCCTTGC	42.130	100.000	0.000	0	0.601	0	+
NZ_CP020550.1	2164	2193	TCAAAGGTTCGCAATCGGTTACCGAGAGCG	42.310	100.000	0.000	0	0.132	0	+
NZ_CP020550.1	2307	2336	AAATCGTGTTGGTGGGGCATTAGACCGACC	42.390	100.000	0.000	0	0.199	0	+
NZ_CP020550.1	2598	2627	AGCGGTTGATGTGGCTGCATAATGAAGCCT	42.510	100.000	0.000	0	0.177	0	+
NZ_CP020550.1	3138	3167	AGCACCTGTTAAGGACGCAGTTTTGCAGGC	43.190	100.000	0.000	0	0.137	0	+
NZ_CP020550.1	3168	3197	AGTTCCGTCTATCTTGCCAGTTGGTGCCGC	43.930	99.534	0.000	0	0.483	0	+
NZ_CP020550.1	3633	3662	GGAGCGAGCCTTGCTGTTCGCTTTGCAGTA	44.360	98.748	0.000	0	0.125	0	+
NZ_CP020550.1	3807	3836	GTAAAAGCTGAAGCGCTGACTTTGGGTGGC	42.100	100.000	0.000	0	0.264	0	+
NZ_CP020550.1	3840	3869	TTGACTTATTTAGCAGGGGCAGGAGCCAGC	42.150	100.000	0.000	0	0.210	0	+
NZ_CP020550.1	3947	3976	TATAGCAGCCTTTGGAAATGCGGTGGCTGA	42.110	100.000	0.000	0	0.184	0	+
NZ_CP020550.1	4617	4646	ACGGTTATTGCGTCATTTGAGCCGACGACG	42.790	99.400	0.000	0	0.312	0	+
NZ_CP020550.1	4762	4791	TCACTTCAGGAGGTGAGCATGTCACCGAGT	42.420	100.000	0.000	0	0.195	0	+
NZ_CP020550.1	4792	4821	TTGCGACAGCTTTGGCAACGGATAAGCCTG	43.200	98.454	0.000	0	0.179	0	+
NZ_CP020550.1	4980	5009	AGTCAAGCAGCTGCTATAGGGGCAACGTTG	42.360	100.000	0.000	0	0.200	0	+
NZ_CP020550.1	5035	5064	ATGCTCTTACAGGGGCGCAGACAGATGAAC	42.010	98.245	0.000	0	0.220	0	+
NZ_CP020550.1	5065	5094	TTGCAAGGGTTAGAGCAGGAACAGCGACAG	42.250	98.929	0.000	0	0.293	0	+
NZ_CP020550.1	5095	5124	GATCATTAACAGGGGCGCAGACGGCAACAG	43.060	100.000	0.000	0	0.166	0	+
NZ_CP020550.1	5125	5154	GAACGCTTGTAGGAGCAGGAACAGGCTGGC	44.280	98.390	0.000	0	0.210	0	+
NZ_CP020550.1	5545	5574	ACGGAGCAACAGCAACAAAATTGGCTTCGC	42.620	100.000	0.000	0	0.198	0	+
